ID,Name,Age,Gender,Salary
1,User1,30.0,Female,81104
2,User2,20.0,Male,96199
3,User3,20.0,Male,71917
4,User4,30.0,Female,36472
5,User5,20.0,Male,34255
6,User6,30.0,Male,46251
7,User7,20.0,Female,99239
8,User8,30.0,Male,75133
9,User9,,Female,98352
10,User10,35.0,Male,85805
11,User11,,Male,60969
12,User12,30.0,Male,37846
13,User13,40.0,Male,49880
14,User14,35.0,Male,31641
15,User15,20.0,Female,91237
16,User16,20.0,Female,74141
17,User17,20.0,Male,99265
18,User18,20.0,Male,72155
19,User19,35.0,Male,93176
20,User20,40.0,Female,76275
21,User21,35.0,Male,81123
22,User22,40.0,Female,45342
23,User23,30.0,Male,75444
24,User24,40.0,Female,90922
25,User25,25.0,Male,99991
26,User26,,Female,73187
27,User27,40.0,Male,73852
28,User28,25.0,Female,77873
29,User29,35.0,Male,46475
30,User30,20.0,Female,73222
31,User31,20.0,Male,53802e
32,User32,20.0,Male,62081
33,User33,20.0,Female,83241
34,User34,,Female,66473
35,User35,,Male,58380
36,User36,25.0,Male,61706e
37,User37,30.0,Female,54790
38,User38,30.0,Female,79544
39,User39,20.0,Female,48584
40,User40,35.0,Male,48642
41,User41,40.0,Female,74518
42,User42,40.0,Male,93812
43,User43,,Female,79798
44,User44,35.0,Female,33327
45,User45,20.0,Female,31847
46,User46,30.0,Female,43439
47,User47,35.0,Female,82722
48,User48,25.0,Female,58416
49,User49,20.0,Female,74231
50,User50,20.0,Male,92250
51,User51,20.0,Male,89947
52,User52,25.0,Female,96493
53,User53,20.0,Male,87824
54,User54,25.0,Female,56806
55,User55,30.0,Female,98451
56,User56,35.0,Female,83658
57,User57,30.0,Female,80304
58,User58,25.0,Male,94507
59,User59,40.0,Female,62298
60,User60,30.0,Female,57273
61,User61,25.0,Female,84769
62,User62,20.0,Male,65813
63,User63,35.0,Male,45456
64,User64,25.0,Male,76336
65,User65,35.0,Male,47983
66,User66,40.0,Female,61365
67,User67,,Female,69271
68,User68,,Male,85066
69,User69,30.0,Female,79056
70,User70,,Male,95222
71,User71,35.0,Male,87501
72,User72,,Female,82114
73,User73,40.0,Female,75643
74,User74,30.0,Female,95823
75,User75,40.0,Female,91704
76,User76,35.0,Male,63679
77,User77,35.0,Female,41695
78,User78,,Female,87683
79,User79,35.0,Male,59053
80,User80,40.0,Female,90287
81,User81,35.0,Female,49431
82,User82,30.0,Female,84396
83,User83,,Female,53892
84,User84,40.0,Male,47121
85,User85,,Male,70004
86,User86,25.0,Female,89888
87,User87,,Female,48345
88,User88,40.0,Male,63348
89,User89,20.0,Male,76596
90,User90,35.0,Male,77217
91,User91,35.0,Male,98063
92,User92,,Male,44210
93,User93,40.0,Male,69126
94,User94,20.0,Male,82792
95,User95,40.0,Female,54887
96,User96,30.0,Female,68641
97,User97,30.0,Female,94157
98,User98,35.0,Male,78845
99,User99,35.0,Male,56466
100,User100,40.0,Male,66578
101,User101,35.0,Female,88233
102,User102,25.0,Female,50357
103,User103,30.0,Male,95048
104,User104,25.0,Male,98283
105,User105,35.0,Female,52309
106,User106,30.0,Male,82094
107,User107,40.0,Male,36492
108,User108,30.0,Male,86517
109,User109,20.0,Male,89945
110,User110,20.0,Female,57417
111,User111,40.0,Female,37778
112,User112,,Male,75342
113,User113,25.0,Male,94913
114,User114,30.0,Male,54968
115,User115,35.0,Male,80480
116,User116,,Male,66074
117,User117,,Female,78503
118,User118,25.0,Male,60487
119,User119,35.0,Male,71056
120,User120,,Female,75641
121,User121,30.0,Male,88646
122,User122,30.0,Female,74389
123,User123,20.0,Male,75415
124,User124,,Male,99168
125,User125,25.0,Male,73942
126,User126,25.0,Female,62479
127,User127,20.0,Female,40379
128,User128,20.0,Male,58660
129,User129,40.0,Male,33168
130,User130,35.0,Female,93531
131,User131,35.0,Female,76575
132,User132,40.0,Male,42475
133,User133,20.0,Female,65842
134,User134,,Female,57558
135,User135,20.0,Female,92548
136,User136,40.0,Female,81985
137,User137,25.0,Female,89173
138,User138,25.0,Male,60019
139,User139,,Male,90873
140,User140,20.0,Male,81213
141,User141,,Male,56975
142,User142,25.0,Male,80489
143,User143,20.0,Female,55039
144,User144,,Male,46656
145,User145,20.0,Female,97564
146,User146,20.0,Female,40592
147,User147,25.0,Male,31117
148,User148,35.0,Female,69249
149,User149,40.0,Male,35641
150,User150,35.0,Female,38416
151,User151,30.0,Female,31925
152,User152,,Female,55463
153,User153,,Male,88897
154,User154,20.0,Male,92960
155,User155,,Female,48056
156,User156,20.0,Male,49496
157,User157,25.0,Male,74373
158,User158,20.0,Female,75385
159,User159,40.0,Male,40160
160,User160,25.0,Male,37175
161,User161,20.0,Male,90319
162,User162,30.0,Male,89544
163,User163,35.0,Male,74220
164,User164,40.0,Female,95235
165,User165,20.0,Female,84968
166,User166,20.0,Male,37426
167,User167,40.0,Female,84441
168,User168,20.0,Female,70841
169,User169,20.0,Female,89948
170,User170,25.0,Female,61450
171,User171,30.0,Male,43031
172,User172,,Male,74110
173,User173,,Male,58040
174,User174,20.0,Male,57569
175,User175,,Female,76956
176,User176,30.0,Male,81189
177,User177,40.0,Male,89423
178,User178,35.0,Male,95143
179,User179,35.0,Male,76097
180,User180,25.0,Male,89947
181,User181,25.0,Male,52371
182,User182,35.0,Female,37429
183,User183,20.0,Female,54992
184,User184,30.0,Male,44252
185,User185,25.0,Female,33048
186,User186,25.0,Male,62409
187,User187,25.0,Female,47201
188,User188,40.0,Female,62717
189,User189,40.0,Female,82397
190,User190,,Female,53356
191,User191,25.0,Male,68995
192,User192,40.0,Female,48350
193,User193,30.0,Male,97165
194,User194,25.0,Female,77281
195,User195,,Male,77761
196,User196,40.0,Female,60950
197,User197,,Female,77729
198,User198,30.0,Female,75632
199,User199,,Male,55254
200,User200,40.0,Male,54204
201,User201,25.0,Male,30821
202,User202,40.0,Male,40574
203,User203,,Female,50711
204,User204,25.0,Female,33074
205,User205,40.0,Male,55992
206,User206,,Male,75389
207,User207,,Female,84023
208,User208,40.0,Male,88061
209,User209,25.0,Female,52964
210,User210,20.0,Female,93364
211,User211,40.0,Female,31826
212,User212,25.0,Male,66413
213,User213,35.0,Male,48630
214,User214,30.0,Male,93898
215,User215,40.0,Female,77305
216,User216,20.0,Male,70713
217,User217,40.0,Female,51850
218,User218,20.0,Male,75658
219,User219,40.0,Female,36381
220,User220,35.0,Male,44101
221,User221,40.0,Female,46970
222,User222,30.0,Female,81626
223,User223,20.0,Female,69136
224,User224,40.0,Female,99411
225,User225,25.0,Male,73307
226,User226,40.0,Female,34954
227,User227,,Female,80739
228,User228,20.0,Female,74509
229,User229,40.0,Male,85155
230,User230,,Female,37299
231,User231,,Male,78210
232,User232,40.0,Female,72578
233,User233,20.0,Male,92196
234,User234,20.0,Male,99556
235,User235,,Female,70597
236,User236,40.0,Female,80139
237,User237,30.0,Female,67603
238,User238,,Female,50620
239,User239,25.0,Male,99232
240,User240,35.0,Male,32416
241,User241,35.0,Male,97947
242,User242,,Female,90307
243,User243,30.0,Male,60091
244,User244,25.0,Female,71361
245,User245,40.0,Female,75477
246,User246,40.0,Female,80716
247,User247,20.0,Male,65021
248,User248,35.0,Male,36064
249,User249,25.0,Female,37207
250,User250,,Male,50931
251,User251,30.0,Female,89559
252,User252,20.0,Male,44410
253,User253,20.0,Male,43754
254,User254,25.0,Female,30382
255,User255,40.0,Female,72069
256,User256,35.0,Male,97257
257,User257,30.0,Female,38687
258,User258,20.0,Male,81363
259,User259,25.0,Female,50017
260,User260,30.0,Female,75163
261,User261,,Female,49231
262,User262,35.0,Male,87563
263,User263,,Female,73177
264,User264,30.0,Female,92587
265,User265,30.0,Male,83134
266,User266,30.0,Female,50792
267,User267,40.0,Male,69426
268,User268,35.0,Male,45378
269,User269,20.0,Male,83439
270,User270,30.0,Female,57310
271,User271,30.0,Female,35605
272,User272,30.0,Female,59702
273,User273,,Male,51701
274,User274,20.0,Male,90960
275,User275,20.0,Male,59216
276,User276,30.0,Male,63478
277,User277,20.0,Female,80670
278,User278,40.0,Female,90517
279,User279,35.0,Male,77434
280,User280,20.0,Female,68112
281,User281,25.0,Female,33434
282,User282,40.0,Male,74180
283,User283,25.0,Male,71506
284,User284,35.0,Female,40844
285,User285,35.0,Female,62903
286,User286,,Male,57209
287,User287,20.0,Male,48785
288,User288,,Male,71370
289,User289,30.0,Male,89214
290,User290,,Male,55737
291,User291,30.0,Male,49891
292,User292,20.0,Female,59538
293,User293,20.0,Male,92882
294,User294,,Male,92066
295,User295,40.0,Male,95853
296,User296,35.0,Male,61751
297,User297,25.0,Male,86214
298,User298,20.0,Male,39345
299,User299,20.0,Female,59998
300,User300,,Male,86951
301,User301,30.0,Female,91084
302,User302,20.0,Male,53238
303,User303,35.0,Female,51488
304,User304,20.0,Female,50442
305,User305,,Female,92074
306,User306,25.0,Female,83200
307,User307,25.0,Male,98631
308,User308,40.0,Male,91896
309,User309,30.0,Female,61810
310,User310,,Male,87975
311,User311,40.0,Male,43104
312,User312,40.0,Female,37995
313,User313,,Male,78078
314,User314,25.0,Male,93315
315,User315,30.0,Male,91166
316,User316,,Male,90825
317,User317,40.0,Male,39822
318,User318,25.0,Male,99328
319,User319,20.0,Male,85731
320,User320,20.0,Male,30105
321,User321,35.0,Male,96832
322,User322,25.0,Female,81837
323,User323,,Female,71420
324,User324,,Male,44209
325,User325,35.0,Female,57891
326,User326,,Male,94133
327,User327,35.0,Female,41984
328,User328,30.0,Female,31545
329,User329,35.0,Female,34233
330,User330,30.0,Male,63322
331,User331,40.0,Male,36460
332,User332,40.0,Female,40268
333,User333,35.0,Male,83691
334,User334,40.0,Male,55880
335,User335,40.0,Female,67693
336,User336,30.0,Male,71410
337,User337,35.0,Female,79230
338,User338,30.0,Female,50548
339,User339,35.0,Male,32582
340,User340,40.0,Female,52798
341,User341,40.0,Male,39356
342,User342,35.0,Female,71084
343,User343,40.0,Female,36756
344,User344,20.0,Female,55200
345,User345,20.0,Male,40765
346,User346,,Female,85690
347,User347,20.0,Male,91412
348,User348,40.0,Male,34756
349,User349,30.0,Female,37449
350,User350,20.0,Female,64227
351,User351,40.0,Male,79890
352,User352,,Male,93641
353,User353,25.0,Female,50397
354,User354,30.0,Male,49180
355,User355,,Male,38230
356,User356,,Male,73405
357,User357,35.0,Male,34384
358,User358,25.0,Male,65660
359,User359,20.0,Female,39049
360,User360,40.0,Female,77317
361,User361,,Male,83736
362,User362,20.0,Male,99745
363,User363,25.0,Female,76970
364,User364,35.0,Male,95534
365,User365,40.0,Female,94985
366,User366,20.0,Female,36350
367,User367,30.0,Female,95002
368,User368,35.0,Female,66553
369,User369,25.0,Male,69755
370,User370,25.0,Male,90477
371,User371,40.0,Female,75720
372,User372,35.0,Female,61066
373,User373,,Male,60570
374,User374,30.0,Female,62109
375,User375,30.0,Female,30523
376,User376,40.0,Male,98061
377,User377,40.0,Female,88804
378,User378,25.0,Female,34645
379,User379,20.0,Male,92645
380,User380,30.0,Male,82620
381,User381,,Male,74047
382,User382,20.0,Female,84225
383,User383,35.0,Male,82499
384,User384,35.0,Female,75806
385,User385,35.0,Male,34439
386,User386,30.0,Male,65091
387,User387,25.0,Male,91186
388,User388,,Male,75692
389,User389,35.0,Male,99772
390,User390,40.0,Male,73203
391,User391,40.0,Male,87026
392,User392,,Male,42830
393,User393,35.0,Male,86360
394,User394,,Male,73032
395,User395,,Male,89452
396,User396,40.0,Female,84582
397,User397,25.0,Female,94989
398,User398,25.0,Male,82516
399,User399,,Male,33441
400,User400,25.0,Male,71336
401,User401,35.0,Male,95611
402,User402,30.0,Female,73710
403,User403,35.0,Male,32770
404,User404,30.0,Male,56537
405,User405,,Male,73455
406,User406,20.0,Male,53463
407,User407,20.0,Male,45120
408,User408,35.0,Female,68807
409,User409,25.0,Female,41917
410,User410,35.0,Male,47895
411,User411,35.0,Male,93316
412,User412,,Male,31062
413,User413,30.0,Male,96476
414,User414,30.0,Male,90502
415,User415,35.0,Female,37420
416,User416,25.0,Female,85325
417,User417,,Male,49863
418,User418,35.0,Female,94944
419,User419,20.0,Female,97759
420,User420,30.0,Female,45523
421,User421,20.0,Female,35429
422,User422,,Male,55253
423,User423,30.0,Male,60204
424,User424,25.0,Female,94038
425,User425,,Male,45706
426,User426,25.0,Male,46832
427,User427,20.0,Female,51005
428,User428,20.0,Male,47501
429,User429,40.0,Male,45881
430,User430,30.0,Female,93901
431,User431,40.0,Female,52573
432,User432,30.0,Female,69773
433,User433,30.0,Female,70389
434,User434,,Male,92768
435,User435,25.0,Male,32987
436,User436,35.0,Female,53672
437,User437,20.0,Female,78964
438,User438,,Female,67964
439,User439,,Male,67449
440,User440,30.0,Male,63108
441,User441,30.0,Male,39101
442,User442,,Female,38324
443,User443,20.0,Male,52138
444,User444,30.0,Female,76950
445,User445,,Male,46866
446,User446,20.0,Female,77786
447,User447,40.0,Female,50117
448,User448,40.0,Male,88168
449,User449,40.0,Male,77864
450,User450,40.0,Female,56666
451,User451,,Male,79891
452,User452,20.0,Male,31309
453,User453,30.0,Male,72588
454,User454,20.0,Male,34696
455,User455,20.0,Female,84715
456,User456,40.0,Male,83654
457,User457,20.0,Male,98288
458,User458,35.0,Female,53850
459,User459,30.0,Female,67779
460,User460,,Male,37003
461,User461,,Male,97674
462,User462,30.0,Female,80799
463,User463,20.0,Female,48360
464,User464,20.0,Female,51490
465,User465,20.0,Male,82645
466,User466,40.0,Male,66899
467,User467,30.0,Male,86709
468,User468,25.0,Male,98325
469,User469,25.0,Female,73163
470,User470,25.0,Male,33899
471,User471,,Female,50934
472,User472,35.0,Female,39818
473,User473,25.0,Female,95039
474,User474,20.0,Male,49264
475,User475,30.0,Female,47686
476,User476,35.0,Female,88527
477,User477,25.0,Male,47471
478,User478,35.0,Male,99634
479,User479,,Male,83775
480,User480,35.0,Female,87335
481,User481,35.0,Male,47307
482,User482,30.0,Male,89871
483,User483,25.0,Female,44797
484,User484,25.0,Female,66592
485,User485,35.0,Female,84878
486,User486,25.0,Male,49992
487,User487,40.0,Male,58201
488,User488,,Male,80652
489,User489,30.0,Male,51150
490,User490,30.0,Female,50303
491,User491,40.0,Male,55291
492,User492,,Female,31974
493,User493,40.0,Male,30568
494,User494,35.0,Female,99408
495,User495,25.0,Male,81862
496,User496,40.0,Female,33734
497,User497,30.0,Female,60071
498,User498,20.0,Female,61979
499,User499,40.0,Male,64256
500,User500,30.0,Male,92411
501,User501,35.0,Female,97664
502,User502,40.0,Female,53243
503,User503,,Female,64610
504,User504,,Male,59508
505,User505,20.0,Female,91272
506,User506,25.0,Female,81431
507,User507,30.0,Female,91516
508,User508,25.0,Female,59189
509,User509,25.0,Male,92530
510,User510,,Female,36398
511,User511,30.0,Male,51951
512,User512,40.0,Female,34260
513,User513,25.0,Male,50167
514,User514,35.0,Female,71474
515,User515,35.0,Male,98774
516,User516,25.0,Male,89155
517,User517,25.0,Male,57793
518,User518,40.0,Female,60335
519,User519,35.0,Female,42649
520,User520,35.0,Female,38641
521,User521,30.0,Female,86534
522,User522,20.0,Female,87311
523,User523,35.0,Male,42993
524,User524,35.0,Female,36683
525,User525,30.0,Female,71007
526,User526,40.0,Male,72550
527,User527,25.0,Male,85445
528,User528,40.0,Female,33605
529,User529,,Male,41268
530,User530,40.0,Female,50377
531,User531,40.0,Female,59576
532,User532,,Female,94111
533,User533,40.0,Female,36452
534,User534,25.0,Male,86340
535,User535,40.0,Male,82447
536,User536,40.0,Female,69198
537,User537,20.0,Male,74608
538,User538,30.0,Male,34156
539,User539,30.0,Female,64745
540,User540,20.0,Female,75513
541,User541,,Female,77532
542,User542,40.0,Male,93113
543,User543,40.0,Male,99618
544,User544,25.0,Female,70129
545,User545,,Male,62346
546,User546,35.0,Male,67612
547,User547,20.0,Female,59314
548,User548,35.0,Female,71259
549,User549,30.0,Male,99149
550,User550,35.0,Female,33996
551,User551,40.0,Female,44856
552,User552,30.0,Male,79808
553,User553,40.0,Male,55289
554,User554,40.0,Female,79973
555,User555,25.0,Female,35793
556,User556,,Male,40867
557,User557,35.0,Male,44336
558,User558,,Male,46868
559,User559,40.0,Male,49685
560,User560,25.0,Female,96263
561,User561,20.0,Female,34556
562,User562,25.0,Female,71673
563,User563,35.0,Female,60805
564,User564,30.0,Female,57839
565,User565,,Female,65036
566,User566,,Male,61302
567,User567,35.0,Female,75789
568,User568,40.0,Female,49635
569,User569,25.0,Female,44841
570,User570,30.0,Male,68945
571,User571,35.0,Male,98561
572,User572,,Male,86089
573,User573,25.0,Female,75755
574,User574,,Male,60440
575,User575,20.0,Male,78336
576,User576,40.0,Female,97896
577,User577,35.0,Male,99036
578,User578,40.0,Male,93695
579,User579,,Female,94925
580,User580,25.0,Male,37709
581,User581,,Male,38843
582,User582,35.0,Female,30019
583,User583,35.0,Male,91550
584,User584,40.0,Male,50534
585,User585,25.0,Female,92634
586,User586,25.0,Female,45233
587,User587,,Male,66495
588,User588,35.0,Female,68010
589,User589,25.0,Male,90376
590,User590,20.0,Male,89751
591,User591,35.0,Male,38805
592,User592,25.0,Female,83777
593,User593,30.0,Male,90845
594,User594,35.0,Male,67814
595,User595,25.0,Female,46168
596,User596,35.0,Male,74089
597,User597,30.0,Male,86745
598,User598,25.0,Male,54488
599,User599,35.0,Female,81297
600,User600,,Female,30471
601,User601,25.0,Male,48641
602,User602,,Male,75782
603,User603,30.0,Male,47206
604,User604,40.0,Female,70046
605,User605,25.0,Female,67852
606,User606,20.0,Female,94224
607,User607,30.0,Female,35195
608,User608,25.0,Female,94423
609,User609,,Male,30993
610,User610,20.0,Male,35858
611,User611,25.0,Male,39381
612,User612,35.0,Male,66832
613,User613,20.0,Male,39975
614,User614,,Female,65611
615,User615,40.0,Male,89124
616,User616,35.0,Female,79532
617,User617,,Female,41803
618,User618,20.0,Male,48084
619,User619,25.0,Female,32100
620,User620,40.0,Female,88981
621,User621,35.0,Female,91446
622,User622,30.0,Female,80929
623,User623,35.0,Female,88257
624,User624,20.0,Female,99845
625,User625,,Male,71324
626,User626,40.0,Male,71951
627,User627,25.0,Male,42064
628,User628,20.0,Male,82040
629,User629,40.0,Male,64540
630,User630,30.0,Male,84034
631,User631,,Male,60802
632,User632,20.0,Male,33913
633,User633,35.0,Male,61783
634,User634,30.0,Male,46213
635,User635,,Male,67786
636,User636,,Female,72068
637,User637,25.0,Female,59999
638,User638,25.0,Female,53706
639,User639,20.0,Male,34040
640,User640,20.0,Female,58269
641,User641,,Male,40100
642,User642,25.0,Female,90763
643,User643,35.0,Female,54322
644,User644,30.0,Female,45612
645,User645,25.0,Female,94467
646,User646,35.0,Female,93701
647,User647,30.0,Male,73283
648,User648,30.0,Female,95186
649,User649,20.0,Male,66823
650,User650,25.0,Female,84344
651,User651,25.0,Male,95071
652,User652,,Female,42249
653,User653,40.0,Female,81008
654,User654,25.0,Female,46428
655,User655,30.0,Female,82710
656,User656,40.0,Male,35046
657,User657,30.0,Female,98224
658,User658,30.0,Male,80329
659,User659,40.0,Female,84563
660,User660,30.0,Female,89601
661,User661,,Male,50663
662,User662,20.0,Female,75647
663,User663,25.0,Female,95265
664,User664,35.0,Male,95463
665,User665,35.0,Female,89008
666,User666,,Female,81828
667,User667,25.0,Male,31010
668,User668,25.0,Male,89655
669,User669,25.0,Male,86522
670,User670,25.0,Male,35937
671,User671,20.0,Male,47947
672,User672,30.0,Male,68600
673,User673,35.0,Female,70593
674,User674,20.0,Male,33325
675,User675,40.0,Female,93691
676,User676,40.0,Male,36484
677,User677,40.0,Male,75628
678,User678,,Male,72837
679,User679,40.0,Male,49669
680,User680,40.0,Male,61548
681,User681,25.0,Female,64543
682,User682,,Female,55001
683,User683,35.0,Female,42582
684,User684,30.0,Male,57446
685,User685,25.0,Female,84351
686,User686,,Male,73565
687,User687,40.0,Female,85948
688,User688,30.0,Female,83402
689,User689,30.0,Female,55085
690,User690,,Female,46690
691,User691,,Female,71312
692,User692,40.0,Male,83695
693,User693,20.0,Female,53604
694,User694,35.0,Female,64200
695,User695,30.0,Female,64160
696,User696,35.0,Female,49240
697,User697,20.0,Male,71446
698,User698,,Male,75413
699,User699,,Female,41685
700,User700,20.0,Male,68349
701,User701,35.0,Female,37234
702,User702,30.0,Male,54322
703,User703,35.0,Female,86102
704,User704,40.0,Female,43013
705,User705,25.0,Female,77562
706,User706,20.0,Female,98419
707,User707,35.0,Male,83571
708,User708,40.0,Female,52723
709,User709,30.0,Female,80788
710,User710,40.0,Male,95546
711,User711,35.0,Male,78714
712,User712,,Male,81229
713,User713,35.0,Female,92639
714,User714,35.0,Female,81055
715,User715,25.0,Male,31929
716,User716,35.0,Male,44874
717,User717,20.0,Male,52869
718,User718,40.0,Female,58142
719,User719,25.0,Female,90011
720,User720,20.0,Female,41927
721,User721,20.0,Female,77650
722,User722,30.0,Female,36658
723,User723,35.0,Male,69579
724,User724,30.0,Female,39879
725,User725,20.0,Male,38888
726,User726,,Male,42117
727,User727,30.0,Male,57005
728,User728,35.0,Male,62904
729,User729,20.0,Female,65948
730,User730,40.0,Male,60967
731,User731,,Female,71575
732,User732,,Female,60571
733,User733,,Female,77126
734,User734,20.0,Female,96750
735,User735,35.0,Male,34704
736,User736,25.0,Female,32231
737,User737,30.0,Female,86929
738,User738,20.0,Male,63909
739,User739,25.0,Female,97083
740,User740,20.0,Male,68412
741,User741,20.0,Male,51730
742,User742,20.0,Female,94193
743,User743,40.0,Male,51350
744,User744,25.0,Male,41180
745,User745,,Female,35149
746,User746,40.0,Male,37090
747,User747,40.0,Male,48550
748,User748,,Female,42548
749,User749,30.0,Female,86503
750,User750,25.0,Male,53569
751,User751,30.0,Female,66627
752,User752,,Male,94745
753,User753,40.0,Female,79964
754,User754,,Female,77163
755,User755,40.0,Female,99275
756,User756,20.0,Male,34244
757,User757,40.0,Female,96603
758,User758,40.0,Male,89977
759,User759,30.0,Male,79165
760,User760,25.0,Male,42107
761,User761,25.0,Female,73814
762,User762,30.0,Male,66598
763,User763,25.0,Female,43867
764,User764,35.0,Male,37039
765,User765,35.0,Male,75951
766,User766,35.0,Female,75518
767,User767,40.0,Female,61921
768,User768,35.0,Female,68755
769,User769,25.0,Male,98396
770,User770,25.0,Female,56596
771,User771,,Female,54553
772,User772,40.0,Male,60742
773,User773,25.0,Female,78832
774,User774,20.0,Male,99671
775,User775,20.0,Male,48181
776,User776,40.0,Male,65190
777,User777,30.0,Female,33169
778,User778,25.0,Male,88180
779,User779,,Female,86389
780,User780,30.0,Female,73857
781,User781,25.0,Female,54365
782,User782,25.0,Female,46321
783,User783,,Female,95155
784,User784,35.0,Female,58692
785,User785,20.0,Male,88999
786,User786,40.0,Female,78234
787,User787,20.0,Female,64907
788,User788,35.0,Male,84929
789,User789,25.0,Female,71660
790,User790,40.0,Female,60933
791,User791,20.0,Male,89392
792,User792,30.0,Female,67231
793,User793,30.0,Female,99627
794,User794,35.0,Female,52364
795,User795,25.0,Male,73772
796,User796,25.0,Female,58664
797,User797,20.0,Male,41159
798,User798,35.0,Male,96913
799,User799,,Male,55043
800,User800,,Male,56872
801,User801,25.0,Female,67916
802,User802,20.0,Female,46412
803,User803,30.0,Male,60174
804,User804,35.0,Male,68635
805,User805,30.0,Female,44535
806,User806,30.0,Male,66753
807,User807,20.0,Female,43514
808,User808,,Male,48426
809,User809,25.0,Male,94554
810,User810,30.0,Female,31410
811,User811,40.0,Male,96317
812,User812,,Female,97233
813,User813,,Female,32725
814,User814,40.0,Male,56345
815,User815,20.0,Female,57868
816,User816,30.0,Female,68228
817,User817,35.0,Male,86417
818,User818,30.0,Female,45734
819,User819,40.0,Male,39662
820,User820,35.0,Female,81215
821,User821,35.0,Female,50659
822,User822,20.0,Female,76208
823,User823,40.0,Female,44058
824,User824,40.0,Female,81103
825,User825,20.0,Female,90781
826,User826,20.0,Female,37624
827,User827,40.0,Male,30557
828,User828,25.0,Female,47831
829,User829,30.0,Male,63809
830,User830,25.0,Female,75568
831,User831,35.0,Female,43519
832,User832,35.0,Male,74527
833,User833,25.0,Female,97739
834,User834,25.0,Female,69735
835,User835,20.0,Female,86396
836,User836,35.0,Male,38388
837,User837,,Male,95554
838,User838,40.0,Male,82472
839,User839,30.0,Female,55601
840,User840,25.0,Female,42012
841,User841,20.0,Male,76154
842,User842,30.0,Female,31885
843,User843,40.0,Female,92074
844,User844,30.0,Female,47782
845,User845,35.0,Female,72404
846,User846,40.0,Female,47881
847,User847,35.0,Male,48073
848,User848,40.0,Male,60854
849,User849,30.0,Male,63583
850,User850,40.0,Male,50802
851,User851,35.0,Male,78632
852,User852,40.0,Female,78038
853,User853,20.0,Male,70182
854,User854,,Male,62075
855,User855,,Female,35691
856,User856,25.0,Male,53966
857,User857,20.0,Male,67193
858,User858,20.0,Female,34371
859,User859,25.0,Female,94365
860,User860,20.0,Male,62644
861,User861,20.0,Female,54534
862,User862,40.0,Male,70471
863,User863,30.0,Male,81763
864,User864,35.0,Male,34114
865,User865,20.0,Male,33353
866,User866,35.0,Female,57119
867,User867,30.0,Male,53273
868,User868,20.0,Male,37588
869,User869,30.0,Female,80686
870,User870,20.0,Female,88511
871,User871,35.0,Male,54589
872,User872,30.0,Female,45196
873,User873,20.0,Female,71267
874,User874,,Male,68566
875,User875,35.0,Male,75138
876,User876,35.0,Male,68350
877,User877,40.0,Male,36953
878,User878,40.0,Female,62267
879,User879,,Female,70660
880,User880,30.0,Female,67833
881,User881,40.0,Female,51749
882,User882,30.0,Female,39927
883,User883,25.0,Female,96785
884,User884,35.0,Female,99651
885,User885,35.0,Female,33572
886,User886,20.0,Male,87325
887,User887,20.0,Male,99151
888,User888,20.0,Female,67913
889,User889,40.0,Male,72914
890,User890,40.0,Male,39406
891,User891,,Female,41195
892,User892,,Female,83200
893,User893,40.0,Female,77588
894,User894,,Female,42281
895,User895,35.0,Male,67982
896,User896,30.0,Male,83367
897,User897,25.0,Female,90276
898,User898,,Male,44357
899,User899,40.0,Female,94753
900,User900,20.0,Female,72506
901,User901,,Female,32292
902,User902,30.0,Male,41203
903,User903,,Female,85118
904,User904,,Female,46708
905,User905,30.0,Male,30289
906,User906,35.0,Male,47751
907,User907,40.0,Male,45524
908,User908,40.0,Female,31355
909,User909,,Female,56259
910,User910,20.0,Male,68909
911,User911,30.0,Male,45040
912,User912,30.0,Female,48649
913,User913,40.0,Female,43566
914,User914,,Male,74206
915,User915,25.0,Female,83865
916,User916,35.0,Female,72654
917,User917,20.0,Male,85983
918,User918,30.0,Male,64294
919,User919,,Male,65604
920,User920,,Male,53443
921,User921,30.0,Male,60066
922,User922,25.0,Male,30391
923,User923,35.0,Male,99734
924,User924,,Female,62667
925,User925,20.0,Female,92731
926,User926,30.0,Male,94235
927,User927,40.0,Female,93789
928,User928,20.0,Male,85134
929,User929,35.0,Male,77026
930,User930,40.0,Female,33192
931,User931,,Female,51388
932,User932,,Female,58769
933,User933,35.0,Female,72672
934,User934,40.0,Female,80479
935,User935,30.0,Male,90278
936,User936,40.0,Male,58272
937,User937,40.0,Female,50223
938,User938,40.0,Male,31711
939,User939,25.0,Male,42886
940,User940,35.0,Female,39319
941,User941,25.0,Male,45519
942,User942,40.0,Male,46382
943,User943,30.0,Female,90381
944,User944,20.0,Male,68190
945,User945,20.0,Female,40474
946,User946,20.0,Male,42193
947,User947,30.0,Male,93259
948,User948,35.0,Male,93718
949,User949,35.0,Male,88484
950,User950,25.0,Female,86117
951,User951,25.0,Female,72960
952,User952,20.0,Female,80165
953,User953,,Male,30253
954,User954,,Female,46770
955,User955,20.0,Female,36031
956,User956,,Male,45491
957,User957,40.0,Female,51588
958,User958,,Female,31109
959,User959,30.0,Female,79055
960,User960,30.0,Male,95283
961,User961,,Female,70777
962,User962,20.0,Female,38710
963,User963,25.0,Female,58805
964,User964,30.0,Male,74196
965,User965,35.0,Male,77499
966,User966,40.0,Male,99846
967,User967,30.0,Male,47970
968,User968,20.0,Male,98812
969,User969,30.0,Male,44129
970,User970,40.0,Female,37793
971,User971,,Female,43237
972,User972,40.0,Female,91183
973,User973,25.0,Male,65884
974,User974,20.0,Male,74601
975,User975,35.0,Female,35775
976,User976,30.0,Male,51214
977,User977,20.0,Male,70904
978,User978,40.0,Male,30437
979,User979,20.0,Female,76966
980,User980,25.0,Male,51081
981,User981,20.0,Male,38819
982,User982,,Female,46747
983,User983,35.0,Male,40527
984,User984,20.0,Female,55293
985,User985,20.0,Female,95820
986,User986,25.0,Male,41618
987,User987,25.0,Male,33434
988,User988,20.0,Male,91523
989,User989,40.0,Female,63515
990,User990,35.0,Female,74859
991,User991,30.0,Male,39711
992,User992,25.0,Male,45807
993,User993,30.0,Female,58685
994,User994,25.0,Male,56943
995,User995,20.0,Male,87550
996,User996,25.0,Female,99026
997,User997,40.0,Male,75090
998,User998,35.0,Female,87034
999,User999,30.0,Male,70863
1000,User1000,35.0,Female,75622
